factor1,species,global.leaf.n
A.Tree,Erythrina caffra,59.5
A.Tree,Cladostemon kirkii,59
A.Tree,Erythrina poeppigiana,50.8
A.Tree,Erythrophleum lasianthum,48.6
A.Tree,Dalbergia armata,47.6
A.Tree,Wrightia natalensis,47
A.Tree,Calodendrum capense,45.4
A.Tree,Eleagnus angustifolia,39.8
A.Tree,Balanites maughamii,39.2
A.Tree,Albizia adinathifolia,38
A.Tree,Leucaena leucocephala,37.1
A.Tree,Teclea natalensis,37.1
A.Tree,Gliricidia sepium,37
A.Tree,Trema micrantheum,36.3
A.Tree,Robinia pseudoacacia,35.7
A.Tree,Celtis africana,35
A.Tree,Kiggelaria africana,35
A.Tree,Dialium schlechteri,32.8
A.Tree,Inga edulis,32.3
A.Tree,Trema orientalis,32
A.Tree,Albizia lebbeck,31.7
A.Tree,Inga thibaudiana,31.7
A.Tree,Rothmannia globosa,31.7
A.Tree,Casurina sp.,31.6
A.Tree,Acrocarpus fraxinifolius,31
A.Tree,Funtumia africana,31
A.Tree,Tilia platyphyllos,31
A.Tree,Ulmus parvifolia,30.8
A.Tree,Sclerolobium melinonii,30.6
A.Tree,Alnus incana,30.3
A.Tree,Vepris undulata,30.3
A.Tree,Inga pezizifera,30.1
A.Tree,Prosopis juliflora,30.1
A.Tree,Dovyalis longispina,30
A.Tree,Afzelia africana,29.9
A.Tree,Zygia racemosa,29.7
A.Tree,Citrus sp.,29.5
A.Tree,Cordia alliodora,29.3
A.Tree,Musa ornata,29.2
A.Tree,Olinia ventosa,29.2
A.Tree,Alnus rubra,29
A.Tree,Clausena anisata,28.9
A.Tree,Sophora chrysophylla,28.9
A.Tree,Chlorophora regia,28.8
A.Tree,Albizia chinensis,28.7
A.Tree,Alangium villosum,28.6
A.Tree,Strychnos decussata,28.5
A.Tree,Cruduia bracteata,28.2
A.Tree,Inga laurina,28.2
A.Tree,Sclerolobium albiflorum,28
A.Tree,Crudia aromatica,27.7
A.Tree,Fraxinus angustifolia,27.5
A.Tree,Paramachaerium ormosioides,27.4
A.Tree,Quercus humilis,27.3
A.Tree,Alexa wachenheimii,27.2
A.Tree,Pollalesta discolor,27.2
A.Tree,Swartzia arborescens,27.1
A.Tree,Betula pendula,27
A.Tree,Inga densiflora,27
A.Tree,Rhus chirendensis,27
A.Tree,Guarea guidonia,26.9
A.Tree,Inga rubiginosa,26.8
A.Tree,Palicourea riparia,26.8
A.Tree,Turpinia occidentalis,26.8
A.Tree,Guapira obtusata,26.7
A.Tree,Acacia koa,26.6
A.Tree,Cola greenwayi,26.5
A.Tree,Inga cinnamomea,26.5
A.Tree,Calliandra calothyrsus,26
A.Tree,Ficus carica,26
A.Tree,Flemingia congesta,26
A.Tree,Nothofagus obliqua,26
A.Tree,Suregada zanzibariensis,26
A.Tree,Zanthoxylum capense,26
A.Tree,Eucalyptus grandis,25.9
A.Tree,Inga acrocephala,25.9
A.Tree,Inga sarmentosa,25.9
A.Tree,Quercus sp.,25.9
A.Tree,Acer negundo,25.8
A.Tree,Inga alba,25.8
A.Tree,Celtis occidentalis,25.7
A.Tree,Bequaertiodendron natalense,25.6
A.Tree,Betula lenta,25.6
A.Tree,Cedrela odorata,25.6
A.Tree,Betula pubescens,25.5
A.Tree,Parkia sp.,25.5
A.Tree,Swartzia guianensis,25.5
A.Tree,Tilia americana,25.5
A.Tree,Plumeria rubra,25.4
A.Tree,Populus sp.,25.2
A.Tree,Ficus mucuso,25.1
A.Tree,Albizia falcataria,25
A.Tree,Cassia siamea,25
A.Tree,Cassia spectabilis,25
A.Tree,Mimusops obovata,25
A.Tree,Drypetes natalensis,24.9
A.Tree,Swartzia polyphylla,24.9
A.Tree,Spathodea campanulata,24.8
A.Tree,Cecropia ficifolia,24.7
A.Tree,Salix nigra,24.6
A.Tree,Parinari excelsa,24.5
A.Tree,Inga sp.,24.4
A.Tree,Populus grandidentata,24.4
A.Tree,Combretodendron macrocarpum,24.3
A.Tree,Pentaclethera macrophylla,24.3
A.Tree,Quercus robur,24.3
A.Tree,Alnus sp.,24.2
A.Tree,Ekebergia capensis,24.2
A.Tree,Quercus faginea,24.2
A.Tree,Acer campestre,24
A.Tree,Carya cordiformis,24
A.Tree,Fraxinus sp.,24
A.Tree,Terminalia superba,24
A.Tree,Juglans nigra,23.8
A.Tree,Swartzia panacoco,23.7
A.Tree,Inga gracilifolia,23.6
A.Tree,Inga paraensis,23.6
A.Tree,Prunus virginiana,23.6
A.Tree,Vouacapoua americana,23.6
A.Tree,Loreya mespiloides,23.5
A.Tree,Populus alba,23.5
A.Tree,Vitex micrantha,23.5
A.Tree,Prunus pensylvanica,23.4
A.Tree,Sesbania sesban,23.4
A.Tree,Liriodendron tulipifera,23.3
A.Tree,Prunus serotina,23.3
A.Tree,Adpdytes dimidiata,23.2
A.Tree,Fagus sylvatica,23.2
A.Tree,Inga splendens,23.1
A.Tree,Khaya senegalensis,23.1
A.Tree,Ostrya carpinifolia,23.1
A.Tree,Populus nigra,23.1
A.Tree,Abarema mataybifolia,23
A.Tree,Albizia schimperiana,23
A.Tree,Eupatorium critoniforme,23
A.Tree,Magnolia fraseri,23
A.Tree,Cynometra leonensis,22.9
A.Tree,Andira inermis,22.8
A.Tree,Inhambanella henriquesii,22.8
A.Tree,Salacia leptoclada,22.8
A.Tree,Betula nigra,22.7
A.Tree,Inga huberi,22.7
A.Tree,Quercus macrocarpa,22.6
A.Tree,Pteleopsis myrtifolia,22.5
A.Tree,Betula sp.,22.3
A.Tree,Bocoa prouacensis,22.1
A.Tree,Ginkgo biloba,22.1
A.Tree,Julbernardia globiflora,22.1
A.Tree,Miconia fragilis,22.1
A.Tree,Ocotea leucoxylon,22.1
A.Tree,Xymalos monospora,22.1
A.Tree,Acer pseudoplatanus,22
A.Tree,Carpinus betulus,22
A.Tree,Erythrophleum chlorostachys,22
A.Tree,Juglans cinerea,22
A.Tree,Khaya grandiflora,22
A.Tree,Schizolobium excelsum,22
A.Tree,Stryphnodendron polystachyum,22
A.Tree,Quercus prinus,21.9
A.Tree,Carya tomentosa,21.8
A.Tree,Castanea sativa,21.8
A.Tree,Pisonia albida,21.8
A.Tree,Uapaca guineensis,21.8
A.Tree,Dicorynia guianensis,21.7
A.Tree,Betula alleghaniensis,21.6
A.Tree,Quercus borealis,21.6
A.Tree,Ilex mitis,21.5
A.Tree,Pyrus bourgaena,21.5
A.Tree,Quercus alba,21.5
A.Tree,Fraxinus excelsior,21.4
A.Tree,Antiaris africana,21.3
A.Tree,Ormosia krugii,21.3
A.Tree,Psidium guajava,21.3
A.Tree,Tilia cordata,21.3
A.Tree,Alnus glutinosa,21.2
A.Tree,Cleistanthus schlechteri,21.2
A.Tree,Inga cayennensis,21.2
A.Tree,Malus sp.,21.2
A.Tree,Prunus mahaleb,21.2
A.Tree,Quercus petraea,21.2
A.Tree,Abarema jupunba,21.1
A.Tree,Hymenocardia ulmoides,21.1
A.Tree,Afrosersalisia afzelii,21
A.Tree,Fagus grandifolia,21
A.Tree,Ormosia sp.,21
A.Tree,Quercus ellipsoidalis,21
A.Tree,Ulmus glabra,21
A.Tree,Carya sp.,20.9
A.Tree,Inga stipularis,20.9
A.Tree,Hyeronima alchorneoides,20.8
A.Tree,Inga vera,20.8
A.Tree,Salix caprea,20.8
A.Tree,Brachystegia spiciformis,20.6
A.Tree,Populus maximowiczii,20.6
A.Tree,Bellucia grossularioides,20.5
A.Tree,Pancovia golungensis,20.5
A.Tree,Populus tremuloides,20.5
A.Tree,Zizyphus mucronata,20.5
A.Tree,Populus deltoides,20.4
A.Tree,Ulmus rubra,20.4
A.Tree,Miconia prasina,20.3
A.Tree,Ulmus americana,20.3
A.Tree,Guarea glabra,20.2
A.Tree,Hymenolobium cf. flavum,20.2
A.Tree,Quercus bicolor,20.2
A.Tree,Quercus cerris,20.1
A.Tree,Betula platyphylla,19.9
A.Tree,Crataegus curvisepala,19.9
A.Tree,Padus avium,19.9
A.Tree,Betula papyrifera,19.8
A.Tree,Quercus coccinea,19.8
A.Tree,Quercus nigra,19.8
A.Tree,Ulmus thomasii,19.8
A.Tree,Andira coriacea,19.7
A.Tree,Chionanthus pegleriae,19.7
A.Tree,Fraxinus nigra,19.6
A.Tree,Eugenia woodii,19.5
A.Tree,Ostrya virginiana,19.5
A.Tree,Cordia borinquensis,19.4
A.Tree,Acer monspessulanum,19.2
A.Tree,Anthonotha macrophylla,19.2
A.Tree,Caloncoba echinata,19.2
A.Tree,Pycnanthus angolensis,19.2
A.Tree,Quercus velutina,19.2
A.Tree,Nyssa sylvatica,19.1
A.Tree,Quercus michauxii,19.1
A.Tree,Acer saccharum,19
A.Tree,Dipteryx odorata,19
A.Tree,Meriania purpurea,19
A.Tree,Miconia calvescens,19
A.Tree,Olea europaea,19
A.Tree,Ormosia melanocarpa,19
A.Tree,Quercus rubra,19
A.Tree,Tachigali paniculata,19
A.Tree,Olea europaea ssp. africana,18.9
A.Tree,Dialium guineense,18.7
A.Tree,Fraxinus americana,18.7
A.Tree,Holarrhena floribunda,18.7
A.Tree,Oxydendrum arboreum,18.7
A.Tree,Thouinia striata,18.7
A.Tree,Diospyros whyteana,18.6
A.Tree,Lansium domesticum,18.6
A.Tree,Guarea swartzii,18.5
A.Tree,Inga cf. semialata,18.5
A.Tree,Acer platanoides,18.4
A.Tree,Carya ovata,18.4
A.Tree,Khaya nyasica,18.4
A.Tree,Neea obovata,18.4
A.Tree,Acer pensylvanicum,18.3
A.Tree,Didymopanax morotoni,18.3
A.Tree,Elaeocarpus ptilanthus,18.3
A.Tree,Platanus occidentalis,18.3
A.Tree,Quercus pubescens,18.3
A.Tree,Cecropia peltata,18.2
A.Tree,Swietenia sp.,18.2
A.Tree,Pseudopiptadenia suaveolens,18.1
A.Tree,Byrsonima wadsworthii,18
A.Tree,Carya glabra,18
A.Tree,Cornus florida,18
A.Tree,Prunus avium,18
A.Tree,Brachychiton populneus,17.9
A.Tree,Fraxinus pennsylvanica,17.9
A.Tree,Hernandia sonora,17.9
A.Tree,Strychnos henningsiissp. gerrardii,17.9
A.Tree,Vismia lauriformis,17.9
A.Tree,Diospyros thomasii,17.8
A.Tree,Dysoxylum sp.,17.8
A.Tree,Exostema caribaeum,17.8
A.Tree,Shorea robusta,17.8
A.Tree,Cochlospermum fraseri,17.7
A.Tree,Pterocarpus officinalis,17.7
A.Tree,Myrianthus libericus,17.6
A.Tree,Psychotria sp.,17.6
A.Tree,Myrica faya,17.5
A.Tree,Pinus cembra,17.5
A.Tree,Acer rubrum,17.4
A.Tree,Betula tortuosa,17.4
A.Tree,Rapanea melanophloeos,17.3
A.Tree,Balizia pedicellaris,17.2
A.Tree,Carpinus caroliniana,17.2
A.Tree,Diospyros natalensis,17.2
A.Tree,Inga leiocalycina,17.2
A.Tree,Swietenia humilis,17.2
A.Tree,Hedyosmum arborescens,17.1
A.Tree,Cassia spruceana,17
A.Tree,Strychnos gerrardii,17
A.Tree,Populus balsamifera,16.9
A.Tree,Synoum glandulosum,16.9
A.Tree,Quercus pyrenaica,16.8
A.Tree,Populus fremontii,16.6
A.Tree,Clidemia sericea,16.5
A.Tree,Cornus alternifolia,16.5
A.Tree,Juniperus virginiana,16.4
A.Tree,Liquidambar styraciflua,16.4
A.Tree,Sorbus aucuparia,16.4
A.Tree,Vismia japurensis,16.4
A.Tree,Alchornea latifolia,16.3
A.Tree,Plagiosiphon emarginatus,16.2
A.Tree,Khaya ivorensis,16.1
A.Tree,Maytenus acuminata,16
A.Tree,Casearia arborea,15.9
A.Tree,Miconia dispar,15.9
A.Tree,Abies alba,15.7
A.Tree,Eugenia virgultosa,15.7
A.Tree,Pinus massoniana,15.7
A.Tree,Elaeocarpus sayeri,15.6
A.Tree,Quercus virginiana,15.4
A.Tree,Shorea javanica,15.4
A.Tree,Quercus suber,15.3
A.Tree,Swietenia macrophylla,15.3
A.Tree,Ardisia sp.,15.2
A.Tree,Eperua purpurea,15.2
A.Tree,Goupia glabra,15.1
A.Tree,Nyssa aquatica,15.1
A.Tree,Plumeria alba,15.1
A.Tree,Miconia tschudyoides,15
A.Tree,Ocotea costulata,15
A.Tree,Pisonia subcordata,15
A.Tree,Casearia sylvestris,14.8
A.Tree,Yucca aloifolia,14.8
A.Tree,Tectona grandis,14.7
A.Tree,Terminalia ferdinandiana,14.7
A.Tree,Curtissia dentata,14.6
A.Tree,Miconia tetrandra,14.6
A.Tree,Trupinia occidentalis,14.6
A.Tree,Scolopia mundii,14.4
A.Tree,Melaleuca huegelii,14.1
A.Tree,Quercus ilex,14
A.Tree,Rhus sandwicensis,14
A.Tree,Tetragastris balsamifera,14
A.Tree,Bourreria succulenta,13.9
A.Tree,Cheirodendron trigynum,13.9
A.Tree,Colubrina arborescens,13.9
A.Tree,Piptadeniastrum africanum,13.9
A.Tree,Quercus rotundifolia,13.9
A.Tree,Tabebuia heterophylla,13.9
A.Tree,Trichocladus ellipticus,13.9
A.Tree,Litsea exsudens,13.7
A.Tree,Eugenia eggersii,13.5
A.Tree,Hartogiella schinoides,13.4
A.Tree,Plumeria obtusa,13.4
A.Tree,Aegiceras corniculatum,13.3
A.Tree,Magnolia splendens,13.3
A.Tree,Allocasuarina sp.,13.2
A.Tree,Myrcia deflexa,13.1
A.Tree,Planchonella firma,13.1
A.Tree,Licania heteromorpha,13
A.Tree,Maytenus oleodes,13
A.Tree,Eucalyptus socialis,12.9
A.Tree,Quercus laurifolia,12.8
A.Tree,Planchonia carreya,12.7
A.Tree,Eperua leucantha,12.5
A.Tree,Swietenia mahagoni,12.5
A.Tree,Byrsonima lucida,12.4
A.Tree,Daphnopsis philippiana,12.4
A.Tree,Grevillea anethifolia,12.4
A.Tree,Manilkara bidentata,12.3
A.Tree,Protium sp.,12.3
A.Tree,Prestoea montana,12.2
A.Tree,Rhizophora mangle,12.2
A.Tree,Sloanea pulleniana,12.2
A.Tree,Arbutus unedo,12.1
A.Tree,Dacryodes excelsa,12.1
A.Tree,Eucalyptus miniata,12.1
A.Tree,Haenianthus incrassatus,12.1
A.Tree,Sloanea berteriana,12.1
A.Tree,Bruguiera gymnorrhiza,12
A.Tree,Rhizophora stylosa,12
A.Tree,Syzygium suborbiculare,11.9
A.Tree,Boronia ledifolia,11.7
A.Tree,Cinnamomum porrectum,11.7
A.Tree,Laplacea haematoxylon,11.6
A.Tree,Eucalyptus paniculata,11.5
A.Tree,Psidium cattleianum,11.5
A.Tree,Quercus leavis,11.5
A.Tree,Tabebuia rigida,11.5
A.Tree,Bursera simaruba,11.4
A.Tree,Daviesia nudiflora,11.4
A.Tree,Olea capensis ssp. macrocarpa,11.4
A.Tree,Citrus sinensis,11.3
A.Tree,Clethra occidentalis,11.2
A.Tree,Coffea arabica,11.2
A.Tree,Hibbertia hypericoides,11.2
A.Tree,Schefflera sciadophyllum,11.2
A.Tree,Neolaugeria resinosa,11
A.Tree,Xanthostemon paradoxus,11
A.Tree,Myrcia splendens,10.9
A.Tree,Micrandra sprucei,10.8
A.Tree,Aspidosperma album,10.7
A.Tree,Blakea trinervia,10.7
A.Tree,Juniperus oxycedrus,10.7
A.Tree,Syzygium jambos,10.7
A.Tree,Ouratea littoralis,10.6
A.Tree,Eucalyptus clavigera,10.4
A.Tree,Santalum acuminatum,10.4
A.Tree,Commiphora sp.,10.3
A.Tree,Quintinia acutifolia,10.3
A.Tree,Sphenostemon papuantum,10.3
A.Tree,Bucida buceras,10.2
A.Tree,Chaetocarpus globosus,10.2
A.Tree,Croton poecilanthus,10.2
A.Tree,Ilex sideroxyloides,10.1
A.Tree,Micropholis chrysophylloides,10.1
A.Tree,Grevillea thelemanniana,10
A.Tree,Ilex macfadyenii,10
A.Tree,Ixonanthes reticulata,9.9
A.Tree,Metrosideros polymorpha,9.9
A.Tree,Ilex anomala,9.8
A.Tree,Calycogonium squamulosum,9.7
A.Tree,Weinmannia racemosa,9.5
A.Tree,Syncarpia glomulifera,9.4
A.Tree,Caraipa heterocarpa,9.3
A.Tree,Ilex subcordata,9.2
A.Tree,Vaccinium meridionale,9.1
A.Tree,Ternstroemia stahlii,8.8
A.Tree,Caulophyllum brasiliense,8.7
A.Tree,Brabejum stellatifolium,8.6
A.Tree,Pimenta racemosa,8.6
A.Tree,Tabebuia haemantha,8.3
A.Tree,Xylomelum pyriforme,8.3
A.Tree,Guettarda scabra,8.1
A.Tree,Micropholis maguirei,8
A.Tree,Erithalis fruticosa,7.9
A.Tree,Eucalyptus tetrodonta,7.9
A.Tree,Rhodognaphalopsis humilis,7.8
A.Tree,Schima wallichii,7.7
A.Tree,Rhodamnia cinerea,7.6
A.Tree,Nuytsia floribunda,7.4
A.Tree,Coccoloba microstachya,7.3
A.Tree,Eucalyptus todtiana,7.3
A.Tree,Laguncularia racemosa,7.1
A.Tree,Clusia cf. havetioides,6.8
A.Tree,Retiniphyllum truncatum,6.8
A.Tree,Tristaniopsis obovata,6.6
A.Tree,Cassine xylocarpa,6
A.Tree,Clusia rosea,6
A.Tree,Banksia attenuata,5.9
A.Tree,Ardisia glauciflora,5.3
A.Tree,Banksia menziesii,5.1
A.Tree,Dilodendron bipinnatum,22.6
A.Tree,Pseudobombax tomentosum,23.5
A.Tree,Myracrodruon urundeuva,20.9
A.Tree,Cavanillesia arborea,24.1
A.Tree,Acacia tenuifolia,29.3
A.Tree,Combretum duarteanum,24.1
A.Tree,Tabebuia impetiginosa,22.8
A.Tree,Sterculia striata,23.8
A.Tree,Aspidosperma subincanum,17.8
A.Tree,Guazuma ulmifolia,22.5
A.Tree,Commiphora leptophloeos,18.4
A.Tree,Bauhinia ungulata,30.5
A.Tree,Cnidoscolus vitifolius,25.1
B.Shrub,Sambucus racemosa,59.9
B.Shrub,Croton steenkampianus,51.8
B.Shrub,Isoglossa ciliatus,45.8
B.Shrub,Sambucus nigra,43.7
B.Shrub,Piper hispidum,38.5
B.Shrub,Chaetacme aristata,38.1
B.Shrub,Monanthotaxis caffra,37.8
B.Shrub,Anagyris foetida,37.2
B.Shrub,Euphorbia margalidiana,36.7
B.Shrub,Hypericum hircinumsubsp. cambessedesii,36.1
B.Shrub,Rubus fruticosus,36
B.Shrub,Baptisia leucophea,35.9
B.Shrub,Atriplex stipitata,34
B.Shrub,Caulophyllum thalictroides,32.6
B.Shrub,Rhoicissus tomentosa,32.2
B.Shrub,Euphorbia pithyusa,30.5
B.Shrub,Combretum fruticosum,30.4
B.Shrub,Clematis vitalba,29.9
B.Shrub,Frangula alnus,29.2
B.Shrub,Rosa agrestis,29
B.Shrub,Rubus ideaus,28.5
B.Shrub,Dorycnium hirsutum,28
B.Shrub,Laurus nobilis,27.6
B.Shrub,Alnus rugosa,27.5
B.Shrub,Helichrysum apiculatum,27.1
B.Shrub,Palicourea crosea,26.8
B.Shrub,Salix planifolia,26.7
B.Shrub,Sambucus canadensis,26.1
B.Shrub,Rhus typhina,25
B.Shrub,Salvia officinalis,25
B.Shrub,Prosopis glandulosa,24.9
B.Shrub,Calamintha nepeta,24.8
B.Shrub,Limonium migjornense,24.7
B.Shrub,Lavandula dentata,24.6
B.Shrub,Cornus sanguinea,24.5
B.Shrub,Olearia pimelioides,24
B.Shrub,Alnus crispa,23.6
B.Shrub,Helianthemum nummularium,23.3
B.Shrub,Vaccinium uliginosum,23.2
B.Shrub,Dirca palustris,23.1
B.Shrub,Rhamnus cathartica,23
B.Shrub,Dodonaea viscosa ssp. spatulata,22.6
B.Shrub,Eremophila mitchelli,22.4
B.Shrub,Polygonum cuspidatum,22.3
B.Shrub,Rubus sp.,22.3
B.Shrub,Acer spicatum,22.1
B.Shrub,Dodonaea viscosa ssp. cuneata,22.1
B.Shrub,Rubus saxatilis,22.1
B.Shrub,Salix triandra,22.1
B.Shrub,Salix glauca,22
B.Shrub,Betula exilis,21.9
B.Shrub,Salix atrocinerea,21.9
B.Shrub,Rubus allegheniensis,21.8
B.Shrub,Salix rosmarinifolia,21.6
B.Shrub,Pistacia terebinthus,21.4
B.Shrub,Salix hastata,21.2
B.Shrub,Amelanchier humilis,21.1
B.Shrub,Lonicera xylosteum,21.1
B.Shrub,Salix bebbiana,21.1
B.Shrub,Atriplex canescens,21
B.Shrub,Inga lomatophylla,21
B.Shrub,Phlomis italica,20.9
B.Shrub,Rosa micrantha,20.8
B.Shrub,Corylus americana,20.7
B.Shrub,Cercis canadensis,20.6
B.Shrub,Salix amygdaloides,20.6
B.Shrub,Acacia truncata,20.4
B.Shrub,Rosa coriifolia,20.4
B.Shrub,Betula humilis,20.3
B.Shrub,Daphne mezereum,20.3
B.Shrub,Dianthus rupicolasubsp. bocchoriana,20.3
B.Shrub,Rosa subcanina,20.3
B.Shrub,Rhamnus alaternus,20.2
B.Shrub,Viburnum opulus,20.2
B.Shrub,Berberis vulgaris,20.1
B.Shrub,Salix aurita,20.1
B.Shrub,Salix aurita cinerea,20.1
B.Shrub,Cornus sp.,20
B.Shrub,Amorpha canescens,19.9
B.Shrub,Cassinia leavis,19.8
B.Shrub,Olearia decurrens,19.8
B.Shrub,Ribes nigrum,19.7
B.Shrub,Salix phylicifolia,19.7
B.Shrub,Prunus spinosa,19.6
B.Shrub,Baccharis angustifolia,19.5
B.Shrub,Bertya cunninghamii,19.5
B.Shrub,Erythroxylum aerolatum,19.5
B.Shrub,Larrea tridentata,19.4
B.Shrub,Syringa vulgaris,19.4
B.Shrub,Dodonaea triquetra,19.3
B.Shrub,Prunus pumila,19.3
B.Shrub,Rubus pubescens,19.3
B.Shrub,Pultenea daphnoides,19.2
B.Shrub,Ruscus aculeatus,19.2
B.Shrub,Yucca gloriosa,19.2
B.Shrub,Aruncus silvester,19.1
B.Shrub,Corylus cornuta,19
B.Shrub,Taxus baccata,18.9
B.Shrub,Teucrium chamaedrys,18.9
B.Shrub,Ribes alpinum,18.8
B.Shrub,Salix candida,18.8
B.Shrub,Salix myrsinifolia ´S. lapponum,18.8
B.Shrub,Amelanchier sp.,18.7
B.Shrub,Corylus avellana,18.6
B.Shrub,Betula nana,18.5
B.Shrub,Beyeria opaca,18.4
B.Shrub,Rubus chamaemorus,18.4
B.Shrub,Melastoma candidum,18.3
B.Shrub,Salix lapponum,18.3
B.Shrub,Thymus polytrichus,18.3
B.Shrub,Cornus rugosa,18.2
B.Shrub,Kandelia candel,18.2
B.Shrub,Rhagodia baccata,18.2
B.Shrub,Rhamnus ludovici-salvatoris,18.2
B.Shrub,Salix cinerea,18.1
B.Shrub,Rosa arvensis,18
B.Shrub,Dodonaea viscosa ssp. angustissima,17.9
B.Shrub,Crataegus monogyna,17.8
B.Shrub,Lonicera hirsuta,17.8
B.Shrub,Betula fruticosa,17.6
B.Shrub,Rubus argutus,17.6
B.Shrub,Rosa blanda,17.5
B.Shrub,Salix myrsinifolia,17.5
B.Shrub,Betula pumila,17.4
B.Shrub,Helichrysum arenarium,17.3
B.Shrub,Salix starkeana,17.3
B.Shrub,Eremophila glabra,17.2
B.Shrub,Ribes cynosbati,17.1
B.Shrub,Gyrostemon ramulosus,17
B.Shrub,Helleborus lividus,16.9
B.Shrub,Pultenea flexilis,16.9
B.Shrub,Aronia melanocarpa,16.6
B.Shrub,Viburnum rafinesquianum,16.6
B.Shrub,Coprosma sp.,16.5
B.Shrub,Eremophila deserti,16.5
B.Shrub,Rubus strigosus,16.5
B.Shrub,Vaccinium myrtillus,16.5
B.Shrub,Allemanda violacea,16.4
B.Shrub,Melaleuca uncinata,16.4
B.Shrub,Persea borbonia,16.4
B.Shrub,Tersonia brevipes,16.4
B.Shrub,Globularia cambessedesii,16.3
B.Shrub,Diervilla lonicera,16.1
B.Shrub,Cistus albidus,16
B.Shrub,Cornus racemosa,16
B.Shrub,Jacksonia floribunda,15.9
B.Shrub,Ribes hirtellum,15.9
B.Shrub,Erica scoparia,15.8
B.Shrub,Bupleurum rigidum,15.7
B.Shrub,Ceanothus americanus,15.7
B.Shrub,Rubus occidentalis,15.7
B.Shrub,Calluna vulgaris,15.5
B.Shrub,Ilex verticillata,15.5
B.Shrub,Buxus sempervirens,15.4
B.Shrub,Cistus salviifolius,15.4
B.Shrub,Quercus turbinella,15.4
B.Shrub,Lonicera canadensis,15.2
B.Shrub,Andromeda polifolia,15
B.Shrub,Nemopanthus mucronatus,14.6
B.Shrub,Lavandula latifolia,14.5
B.Shrub,Betula alba,14.4
B.Shrub,Ledum decumbens,14.4
B.Shrub,Eriostemon australasius,14.3
B.Shrub,Thymus vulgaris,14.3
B.Shrub,Vaccinium calycinum,14.2
B.Shrub,Comesperma calymega,14.1
B.Shrub,Daviesia quadrilatera,14.1
B.Shrub,Symphoricarpos albus,14
B.Shrub,Cistus monspeliensis,13.9
B.Shrub,Leptospermum polygalifolium,13.9
B.Shrub,Chamaepericlymenum suecicum,13.8
B.Shrub,Phyllota phylicoides,13.8
B.Shrub,Jacksonia furcellata,13.7
B.Shrub,Vaccinium angustifolium,13.7
B.Shrub,Cistus crispus,13.6
B.Shrub,Trymalium ledifolium,13.6
B.Shrub,Astrotricha latifolia,13.5
B.Shrub,Epigaea repens,13.4
B.Shrub,Viburnum tinus,13.2
B.Shrub,Cornus stolonifera,13
B.Shrub,Ledum palustre,12.9
B.Shrub,Stirlingia latifolia,12.9
B.Shrub,Lavandula stoechas,12.7
B.Shrub,Quercus coccifera,12.5
B.Shrub,Rhus glabra,12.5
B.Shrub,Dryas integrifolia,12.3
B.Shrub,Vaccinium corymbosum,12.3
B.Shrub,Arctostaphylos uva-ursi,12.2
B.Shrub,Phillyrea latifolia,12.2
B.Shrub,Bossiaea walkeri,12.1
B.Shrub,Lasiopetalum ferrugineum,12.1
B.Shrub,Vaccinium arboreum,12.1
B.Shrub,Kalmia latifolia,12
B.Shrub,Chimaphila umbellata,11.9
B.Shrub,Lespedeza capitata,11.8
B.Shrub,Salix pulchra,11.8
B.Shrub,Kalmia polifolia,11.4
B.Shrub,Pityrodia bartlingii,11.3
B.Shrub,Beaufortia elegans,11
B.Shrub,Chamaedaphne calyculata,11
B.Shrub,Rubus caesius,11
B.Shrub,Spirea alba,11
B.Shrub,Phillyrea angustifolia,10.9
B.Shrub,Pistacia lentiscus,10.9
B.Shrub,Gaultheria procumbens,10.6
B.Shrub,Rhododendron maximum,10.5
B.Shrub,Erica arborea,10.3
B.Shrub,Vaccinium oxycoccus,10.3
B.Shrub,Conospermum triplinervium,10.2
B.Shrub,Correa reflexa,10.2
B.Shrub,Hibbertia bracteata,9.9
B.Shrub,Andromeda glaucophylla,9.8
B.Shrub,Daviesia preissii,9.7
B.Shrub,Ledum groenlandicum,9.7
B.Shrub,Spyridium oligocephalum,9.6
B.Shrub,Gaultheria hispidula,9.5
B.Shrub,Dryandra nivea,9.4
B.Shrub,Vaccinium vitis-idaea,9.4
B.Shrub,Lyonia lucida,9.2
B.Shrub,Rosmarinus officinalis,8.9
B.Shrub,Verreauxia reinwardtii,8.9
B.Shrub,Hakea tephrosperma,8.7
B.Shrub,Dryandra sessilis,8.6
B.Shrub,Adenanthos cygnorum,8.5
B.Shrub,Empetrum nigrum,8.5
B.Shrub,Globularia alypum,8
B.Shrub,Styphelia malayana,7.9
B.Shrub,Erica cinerea,7.8
B.Shrub,Grevillea speciosa,7.7
B.Shrub,Rhodomyrtus tomentosa,7.4
B.Shrub,Grevillea buxifolia,7.3
B.Shrub,Casurina humilis,7.2
B.Shrub,Xanthorrhoea preissii,6.6
B.Shrub,Hakea dactyloides,6.4
B.Shrub,Hakea obliqua,6.3
B.Shrub,Hakea teretifolia,5.6
B.Shrub,Rhododendron superbum,4.4
C.Herb,Datura stramonium,57.2
C.Herb,Trifolium repens,54.7
C.Herb,Dentaria laciniata,53
C.Herb,Ornithogalum pyrenaicum,53
C.Herb,Atriplex halimus,52
C.Herb,Myrrhis odorata,51.5
C.Herb,Lavatera cretica,50.4
C.Herb,Alliaria petiolata,48.4
C.Herb,Gibasis geniculata,47.9
C.Herb,Urtica dioica,44
C.Herb,Amaranthus blitoides,43.2
C.Herb,Narcissus pseudonarcissus,43
C.Herb,Cacalia hastata,42.8
C.Herb,Arum maculatum,42.3
C.Herb,Erythronium americanum,42
C.Herb,Psoralea bituminosa,42
C.Herb,Viola stolonifera,41.9
C.Herb,Stellaria media,41.7
C.Herb,Ligusticum huteri,41.5
C.Herb,Urtica atrovirenssubsp. bionorii,40.7
C.Herb,Eupatorium rugosum,39.2
C.Herb,Solanum straminifolia,39.2
C.Herb,Alocasia odora,39
C.Herb,Medicago minima,38.8
C.Herb,Lamiastrum galeobdolon,38.7
C.Herb,Trifolium pratense,38.7
C.Herb,Conopodium majus,38.6
C.Herb,Galium aparine,38.3
C.Herb,Beta vulgaris,38.1
C.Herb,Polygonum sachalinense,38
C.Herb,Digitalis purpurea,37.8
C.Herb,Campanula scheuchzeri,37.3
C.Herb,Adoxa moschatellina,37.2
C.Herb,Allium ursinum,36.9
C.Herb,Angelica ursina,36.8
C.Herb,Viola jaubertiana,36.5
C.Herb,Rumex acetosella,36.2
C.Herb,Heracleum sphondylium,36.1
C.Herb,Hyacinthoides nonscripta,35.9
C.Herb,Arabidopsis thaliana,35.7
C.Herb,Trifolium montanum,35.7
C.Herb,Cichorium intybus,35.5
C.Herb,Chenopodium album,35.1
C.Herb,Viola riviniana,35
C.Herb,Caltha palustris,34.5
C.Herb,Chenopodium ambrosoides,34.5
C.Herb,Majanthemum bifolium,34.5
C.Herb,Silene dioica,34.4
C.Herb,Trifolium angustifolium,34.2
C.Herb,Filipendula kamtschatica,34.1
C.Herb,Filipendula ulmaria,34
C.Herb,Amaranthus retroflexus,33.9
C.Herb,Solanum punctulatum,33.9
C.Herb,Angelica sylvestris,33.8
C.Herb,Rumex acetosa,33.7
C.Herb,Polygonatum officinalis,33.6
C.Herb,Aristolochia rotunda,33.5
C.Herb,Chamerion angustifolium,33.4
C.Herb,Vitex agnus-castus,33.4
C.Herb,Cynanchum vincetoxicum,33.2
C.Herb,Geranium robertianum,33.2
C.Herb,Convolvulus arvensis,33.1
C.Herb,Crepis triasii,33.1
C.Herb,Arisaema triphyllum,33
C.Herb,Lathyrus ochrolecus,32.9
C.Herb,Dryopteris austriaca,32.8
C.Herb,Mercurialis perennis,32.8
C.Herb,Anemone nemorosa,32.7
C.Herb,Pedicularis canadensis,32.6
C.Herb,Ranunculus acris,32.6
C.Herb,Polygonum viviparum,32.5
C.Herb,Anthriscus sylvestris,32.4
C.Herb,Epilobium hirsutum,32.3
C.Herb,Orobus vernus,32.3
C.Herb,Viola incognita,32.2
C.Herb,Galeobdolon luteum,32.1
C.Herb,Chaerophyllum aromaticum,32
C.Herb,Aegopodium podagraria,31.7
C.Herb,Urginea maritima,31.1
C.Herb,Glechoma hederacea,30.7
C.Herb,Alchemilla vulgaris,30.5
C.Herb,Trifolium alpinum,30.5
C.Herb,Epilobium angustifolium,30.4
C.Herb,Geum rivale,30
C.Herb,Polygonatum multiflorum,30
C.Herb,Prenanthes purpurea,30
C.Herb,Senecio fuchsii,30
C.Herb,Ranunculus cassubicus,29.9
C.Herb,Paris quadrifolia,29.6
C.Herb,Oxalis acetosella,29.5
C.Herb,Lotus corniculatus,29.4
C.Herb,Ranunculus ficaria,29.4
C.Herb,Rhinanthus alectorolophus,29.4
C.Herb,Viola mirabilis,29.1
C.Herb,Anemone ranunculoides,28.7
C.Herb,Dryopteris spinulosa,28.5
C.Herb,Carex intumescens,28.4
C.Herb,Potentilla aurea,28.4
C.Herb,Solidago virgaurea,28.4
C.Herb,Galium antarcticum,28.3
C.Herb,Sanguinaria canadensis,28.3
C.Herb,Dorycnium pentaphyllum,28.1
C.Herb,Convallaria majalis,27.9
C.Herb,Conyza canadensis,27.9
C.Herb,Podophyllum peltatum,27.9
C.Herb,Viola rotundifolia,27.6
C.Herb,Scabiosa atropurpurea,26.9
C.Herb,Viola ´ balearica,26.9
C.Herb,Daucus carota,26.8
C.Herb,Smilacina trifolia,26.8
C.Herb,Chrysosplenium oppositifolium,26.6
C.Herb,Asarum europaeum,26.5
C.Herb,Carex brizoides,26.4
C.Herb,Helianthus microcephalus,26.2
C.Herb,Anagallis arvensis,26.1
C.Herb,Liriope muscali,26.1
C.Herb,Melampyrum pratense,26
C.Herb,Ranunculus biternatus,26
C.Herb,Veronica chamaedrys,26
C.Herb,Vicia americana,25.9
C.Herb,Dianthus arenarius,25.8
C.Herb,Solidago macrophylla,25.8
C.Herb,Stellaria holostea,25.8
C.Herb,Carex pilulifera,25.7
C.Herb,Hieracium umbellatum,25.7
C.Herb,Antennaria dioica,25.6
C.Herb,Desmodium glutinosum,25.4
C.Herb,Echinops rito,25.4
C.Herb,Uvularia sessilifolia,25.4
C.Herb,Galium saxatile,25.1
C.Herb,Primula elatior,25
C.Herb,Stachys sylvatica,25
C.Herb,Centaurea nigra,24.7
C.Herb,Trillium erectum,24.7
C.Herb,Leontodon hispidus,24.5
C.Herb,Acaena magellanica,24.2
C.Herb,Cerastium fontanum,24.1
C.Herb,Borrago officinalis,24
C.Herb,Pulsatilla sulphurea,23.7
C.Herb,Crepis vesicaria,23.6
C.Herb,Trollius europaeus,23.6
C.Herb,Galium odoratum,23.5
C.Herb,Geranium sylvaticum,23.3
C.Herb,Urospermum dalechampii,23.3
C.Herb,Trillium grandiflorum,23.2
C.Herb,Medeola virginiana,23
C.Herb,Catananche coerulea,22.8
C.Herb,Tussilago farfara,22.8
C.Herb,Lithospermum canescens,22.7
C.Herb,Plantago media,22.6
C.Herb,Baptisia leucantha,22.3
C.Herb,Centaurea scabiosa,22.3
C.Herb,Sanicula marilandica,22.2
C.Herb,Isotropis cuneifolia,22
C.Herb,Pulmonaria angustifolia,22
C.Herb,Potentilla erecta,21.7
C.Herb,Typha domingensis,21.6
C.Herb,Polygonum bistorta,21.5
C.Herb,Veronica incana,21.4
C.Herb,Achillea millefolium,21.3
C.Herb,Aster acuminatus,21.3
C.Herb,Sanguisorba minor,21.2
C.Herb,Scabiosa columbaria,21.2
C.Herb,Stachys officinalis,21.1
C.Herb,Viola reichenbachiana,21
C.Herb,Plantago atrata,20.8
C.Herb,Verbascum sinuatum,20.8
C.Herb,Colobanthus quitensis,20.5
C.Herb,Lycopodium lucidulum,20.3
C.Herb,Luzula pilosa,20.2
C.Herb,Smilax herbacea,20.2
C.Herb,Fragaria vesca,20.1
C.Herb,Iris versicolor,20
C.Herb,Galium triflorum,19.9
C.Herb,Viola sp.,19.9
C.Herb,Smilacina racemosa,19.8
C.Herb,Monotropa uniflora,19.7
C.Herb,Pterocaulon pycnostachyum,19.7
C.Herb,Veronica officinalis,19.6
C.Herb,Luzula sylvatica,19.5
C.Herb,Phryma leptostachya,19.3
C.Herb,Circaea lutetiana,19.2
C.Herb,Luzula luzuloides,19.2
C.Herb,Clintonia borealis,19.1
C.Herb,Pontederia lanceolata,19
C.Herb,Actea rubra,18.8
C.Herb,Aster sp.,18.8
C.Herb,Viola scotophylla,18.8
C.Herb,Aster macrophyllus,18.7
C.Herb,Uvularia grandiflora,18.7
C.Herb,Ajuga reptans,18.6
C.Herb,Geranium sanquineum,18.6
C.Herb,Jurinea cyanoides,18.6
C.Herb,Thalictrum dioicum,18.6
C.Herb,Viola rugulosa,18.6
C.Herb,Circaea alpina,18.4
C.Herb,Acaena tenera,18.3
C.Herb,Polygala polygama,18.3
C.Herb,Sanicula gregaria,18.3
C.Herb,Plantago lanceolata,18.2
C.Herb,Kickxia spuria,18.1
C.Herb,Minuartia verna,18.1
C.Herb,Crepis sancta,18
C.Herb,Aralia racemosa,17.9
C.Herb,Potentilla crantzii,17.9
C.Herb,Galium hispidulum,17.7
C.Herb,Geranium maculatum,17.7
C.Herb,Impatiens parviflora,17.7
C.Herb,Laportea canadensis,17.7
C.Herb,Lithospermum caroliniense,17.7
C.Herb,Arnica montana,17.6
C.Herb,Asclepias syriaca,17.6
C.Herb,Equisetum palustre,17.6
C.Herb,Eriophorum vaginatum,17.5
C.Herb,Campanula rotundifolia,17.4
C.Herb,Paeonia cambessedesii,17.4
C.Herb,Pulmonaria officinalis,17.3
C.Herb,Calandrinia corrigioloides,17.2
C.Herb,Lysimachia nummularia,17.1
C.Herb,Kuhnia eupatorioides,17
C.Herb,Streptopus roseus,17
C.Herb,Sagittaria lancifolia,16.9
C.Herb,Aster leavis,16.8
C.Herb,Gutierrezia sarothare,16.8
C.Herb,Eriocaulon compressum,16.7
C.Herb,Hepatica americana,16.7
C.Herb,Helleborus feotidus,16.6
C.Herb,Pilosella officinarum,16.6
C.Herb,Silphium integrifolium,16.6
C.Herb,Convolvulus spithameous,16.5
C.Herb,Polygonatum pubescens,16.5
C.Herb,Cornus canadensis,16.4
C.Herb,Prenanthes alba,16.4
C.Herb,Ambrosia psilostachya,16.3
C.Herb,Asclepias verticillata,16.3
C.Herb,Fragaria virginiana,16.2
C.Herb,Trachymene pilosa,16.2
C.Herb,Viola pubescens,16.2
C.Herb,Arundina graminifolia,16.1
C.Herb,Osmorhiza claytoni,16.1
C.Herb,Osmorhiza longistylis,16.1
C.Herb,Asclepias incarnata,15.9
C.Herb,Desmodium canadense,15.9
C.Herb,Viola adunca,15.9
C.Herb,Typha latifolia,15.6
C.Herb,Juncus effusus,15.4
C.Herb,Anemone quinquefolia,15.3
C.Herb,Pyrola secunda,15.3
C.Herb,Echinacea purpurea,15
C.Herb,Eupatorium purpureum,15
C.Herb,Galium boreale,15
C.Herb,Agastache foeniculum,14.7
C.Herb,Cirsium muticium,14.5
C.Herb,Potentilla tridentata,14.5
C.Herb,Silphium terebinthinaceum,14.4
C.Herb,Scaveola canescens,14.2
C.Herb,Waldsteinia fragaroides,13.9
C.Herb,Solidago nemoralis,13.8
C.Herb,Impatiens biflora,13.7
C.Herb,Crinum americanum,13.6
C.Herb,Equisetum arvense,13.4
C.Herb,Lectuca biennis,13.4
C.Herb,Antennaria neglecta,13.3
C.Herb,Monarda punctata,13.2
C.Herb,Euphorbia corollata,12.9
C.Herb,Eupatorium perfoliatum,12.8
C.Herb,Liatris cylindracea,12.8
C.Herb,Mikania scandens,12.7
C.Herb,Solidago rigida,12.7
C.Herb,Linnea borealis,12.5
C.Herb,Lysimachia ciliata,12.5
C.Herb,Pyrola rotundifolia,12.5
C.Herb,Geum canadense,12.3
C.Herb,Mitreola sessilifolia,12.3
C.Herb,Scaveola phlebopetala,12.3
C.Herb,Cicuta maculata,12.1
C.Herb,Thalictrum dasycarpum,11.9
C.Herb,Bacopa caroliniana,11.8
C.Herb,Solidago gigantea,11.8
C.Herb,Liatris aspera,11.7
C.Herb,Oxypolis rigidor,11.6
C.Herb,Solidago canadensis,11.2
C.Herb,Anemone canadensis,11
C.Herb,Eupatorium capillifolium,11
C.Herb,Zizia aptera,10.7
C.Herb,Tradescantia ohioensis,10.4
C.Herb,Coreopsis palmata,10.3
C.Herb,Hieracium longipilum,10.3
C.Herb,Pluchea foetida,9.3
C.Herb,Amaranthus cannabinus,9.1
C.Herb,Iris sp.,9.1
C.Herb,Ludwigia sp.,9.1
C.Herb,Galax aphylla,8.9
C.Herb,Ratibida pinnata,8.6
C.Herb,Eryngium yuccifolium,8.4
D.Grass,Deschampsia antarctica,42.9
D.Grass,Poa annua,38.5
D.Grass,Agropyron caninum,38
D.Grass,Poa trivialis,33.6
D.Grass,Lolium perenne,32.7
D.Grass,Milium effusum,32.5
D.Grass,Phalaris arundinacea,31.8
D.Grass,Trisetum flavescens,30.1
D.Grass,Bromus ramosus,29.9
D.Grass,Festuca gigantea,29.9
D.Grass,Holcus mollis,29.6
D.Grass,Xeranthemum inapertum,29.1
D.Grass,Arrhenatherum elatius,28.7
D.Grass,Melica uniflora,28.6
D.Grass,Phleum pratense,28.5
D.Grass,Melica nutans,28.4
D.Grass,Glyceria fluitans,28
D.Grass,Anisantha sterilis,27.9
D.Grass,Dactylis glomerata,27.2
D.Grass,Aegilops geniculata,27.1
D.Grass,Elytrigia repens,27.1
D.Grass,Phragmites communis,26.8
D.Grass,Brachypodium distachyon,26.6
D.Grass,Ophiopodon japonicum,25.4
D.Grass,Secale cerale,25.4
D.Grass,Melinis minutiflora,24.6
D.Grass,Glyceria maxima,24.4
D.Grass,Koeleria pyramidata,24.1
D.Grass,Carex nigra,24
D.Grass,Calamagrostis villosa,23.8
D.Grass,Avena barbata,23.6
D.Grass,Agrostis capillaris,23.3
D.Grass,Brachypodium silvaticum,23
D.Grass,Bromus lanceolatus,22.7
D.Grass,Festuca altissima,22.7
D.Grass,Bambusa vulgaris,22.3
D.Grass,Bromus erectus,21.7
D.Grass,Calamagrostis arundinacea,21.7
D.Grass,Anthoxanthum odoratum,21.5
D.Grass,Sesleria varia,21.2
D.Grass,Molinia coerulea,21.1
D.Grass,Carex sp.,21
D.Grass,Eriophorum angustifolium,20.3
D.Grass,Deschampsia caespitosa,20
D.Grass,Holcus lanatus,19.9
D.Grass,Briza media,19.6
D.Grass,Calamagrostis canescens,19.6
D.Grass,Deschampsia flexuosa,19.6
D.Grass,Phleum alpinum,19.2
D.Grass,Festuca ovina,19
D.Grass,Poa chaixii,18.6
D.Grass,Brachypodium pinnatum,18.5
D.Grass,Koeleria macrantha,18.1
D.Grass,Avenula bromoides,17.9
D.Grass,Carex hallerana,17.8
D.Grass,Brachyelectrum erectum,17.3
D.Grass,Oryzospis asperifolia,17.3
D.Grass,Calamagrostis epigeios,17.2
D.Grass,Poa nemoralis,17.2
D.Grass,Poa flabellata,17.1
D.Grass,Helictotrichon pratense,16.4
D.Grass,Sieglingia decumbens,16.2
D.Grass,Festuca rubra,16.1
D.Grass,Agrostis tenuis,15.7
D.Grass,Andropogon glomeratus,15.3
D.Grass,Bromopsis erecta,14.8
D.Grass,Nardus stricta,14.8
D.Grass,Schizachne purpurascens,14.3
D.Grass,Festuca contracta,14.2
D.Grass,Juncus macer,14.2
D.Grass,Brachypodium phoenicoides,14.1
D.Grass,Calamagrostis neglecta,13.8
D.Grass,Andropogon virginicus,13.3
D.Grass,Hystrix patula,12.6
D.Grass,Andropogon rerardi,12.5
D.Grass,Pennisetum setaceum,12.1
D.Grass,Heteropogon contortus,11.8
D.Grass,Calamagrostis canadensis,11.2
D.Grass,Eleocharis sp.,10.3
D.Grass,Andropogon gerardi,10.2
D.Grass,Bouteloua hirsuta,9.7
D.Grass,Panicum hemitomon,9.5
D.Grass,Bromus ciliatus,9.3
D.Grass,Agropyron repens,9.1
D.Grass,Triodia scariosa,8.8
D.Grass,Sorghastrum nutants,8.3
D.Grass,Danthonia spicata,8.2
D.Grass,Cladium jamaicense,7.9
D.Grass,Brachypodium retusum,7.8
D.Grass,Koeleria cristata,6.5
